{"cameraMode":{"drawMode":0,"name":"Shaded","section":"Shading Mode"},"sceneLighting":false,"audioPlay":false,"sceneViewState":{"showFog":true,"showMaterialUpdate":false,"showSkybox":false,"showFlares":true,"showImageEffects":true,"showParticleSystems":true},"in2DMode":false,"pivot":{"x":3.794435977935791,"y":1.3296892642974854,"z":-3.4344589710235597},"rotation":{"x":0.23342984914779664,"y":0.4139379560947418,"z":-0.1106986477971077,"w":0.8728896379470825},"size":24.235868453979493,"orthographic":false}