{"cameraMode":{"drawMode":0,"name":"Shaded","section":"Shading Mode"},"sceneLighting":true,"audioPlay":false,"sceneViewState":{"showFog":true,"showMaterialUpdate":false,"showSkybox":true,"showFlares":true,"showImageEffects":true,"showParticleSystems":true},"in2DMode":false,"pivot":{"x":2.387996196746826,"y":14.387569427490235,"z":-6.838080406188965},"rotation":{"x":0.34131476283073428,"y":-0.6247270703315735,"z":0.3499479293823242,"w":0.6089004278182983},"size":10.0,"orthographic":false}